,Unnamed: 0,Transaction Date,Transaction ID,Item,Quantity,Price Per Unit,Total Spent
9540,9540,,TXN_3051279,Smoothie,2.0,4.0,8.0
9541,9541,,TXN_7640952,Juice,4.0,3.0,12.0
9542,9542,,TXN_7710508,Cookie,5.0,1.0,5.0
9543,9543,,TXN_2091733,Salad,1.0,5.0,5.0
9544,9544,,TXN_7028009,Juice,4.0,3.0,12.0
9545,9545,,TXN_7447872,Juice,2.0,3.0,6.0
9546,9546,,TXN_1001832,Salad,2.0,5.0,10.0
9547,9547,,TXN_7943008,Coffee,1.0,2.0,2.0
9548,9548,,TXN_1093800,Smoothie,3.0,4.0,12.0
9549,9549,,TXN_6463132,Cookie,5.0,1.0,5.0
9550,9550,,TXN_4129248,Smoothie,2.0,4.0,8.0
9551,9551,,TXN_5761073,Cookie,1.0,1.0,1.0
9552,9552,,TXN_1908636,Tea,2.0,1.5,3.0
9553,9553,,TXN_7549542,Cookie,5.0,1.0,5.0
9554,9554,,TXN_5003018,Cookie,4.0,1.0,4.0
9555,9555,,TXN_7550498,Juice,5.0,3.0,15.0
9556,9556,,TXN_1623966,Tea,2.0,1.5,3.0
9557,9557,,TXN_1260335,Cookie,4.0,1.0,4.0
9558,9558,,TXN_1726858,Smoothie,3.0,4.0,12.0
9559,9559,,TXN_8894157,Smoothie,4.0,4.0,16.0
9560,9560,,TXN_8751516,Tea,3.0,1.5,4.5
9561,9561,,TXN_3665733,Coffee,5.0,2.0,10.0
9562,9562,,TXN_3229758,Coffee,4.0,2.0,8.0
9563,9563,,TXN_4619029,Smoothie,3.0,4.0,12.0
9564,9564,,TXN_4796350,Smoothie,,4.0,
9565,9565,,TXN_8805984,Juice,2.0,3.0,6.0
9566,9566,,TXN_7817014,Cookie,1.0,1.0,1.0
9567,9567,,TXN_1485417,Cookie,3.0,1.0,3.0
9568,9568,,TXN_9762324,Juice,2.0,3.0,6.0
9569,9569,,TXN_1628509,Smoothie,5.0,4.0,20.0
9570,9570,,TXN_5898743,Juice,4.0,3.0,12.0
9571,9571,,TXN_3791639,Juice,4.0,3.0,12.0
9572,9572,,TXN_4152036,Juice,,3.0,
9573,9573,,TXN_3810451,Juice,4.0,3.0,12.0
9574,9574,,TXN_2744907,Salad,2.0,5.0,10.0
9575,9575,,TXN_8298311,Tea,2.0,1.5,3.0
9576,9576,,TXN_6744866,Tea,4.0,1.5,6.0
9577,9577,,TXN_8764825,Smoothie,3.0,4.0,12.0
9578,9578,,TXN_9349962,Smoothie,4.0,4.0,16.0
9579,9579,,TXN_3946544,Juice,5.0,3.0,15.0
9580,9580,,TXN_6868049,Juice,5.0,3.0,15.0
9581,9581,,TXN_3477767,Cookie,3.0,1.0,3.0
9582,9582,,TXN_1932897,Cookie,1.0,1.0,1.0
9583,9583,,TXN_8167279,Salad,5.0,5.0,25.0
9584,9584,,TXN_2004851,Salad,5.0,5.0,25.0
9585,9585,,TXN_6916047,Coffee,2.0,2.0,4.0
9586,9586,,TXN_4809497,Tea,4.0,1.5,6.0
9587,9587,,TXN_4637016,Salad,3.0,5.0,15.0
9588,9588,,TXN_3172751,Juice,5.0,3.0,15.0
9589,9589,,TXN_9658677,Juice,,3.0,
9590,9590,,TXN_9402247,Salad,3.0,5.0,15.0
9591,9591,,TXN_8868960,Salad,5.0,5.0,25.0
9592,9592,,TXN_7675823,Tea,5.0,1.5,7.5
9593,9593,,TXN_8717428,Salad,3.0,5.0,15.0
9594,9594,,TXN_7833800,Coffee,2.0,2.0,4.0
9595,9595,,TXN_3135132,Smoothie,4.0,4.0,16.0
9596,9596,,TXN_4316299,Tea,2.0,1.5,3.0
9597,9597,,TXN_4874685,Smoothie,,4.0,
9598,9598,,TXN_6358073,Smoothie,3.0,4.0,12.0
9599,9599,,TXN_9218683,Juice,2.0,3.0,6.0
9600,9600,,TXN_8781128,Smoothie,5.0,4.0,20.0
9601,9601,,TXN_9582716,Juice,2.0,3.0,6.0
9602,9602,,TXN_7482583,Tea,5.0,1.5,7.5
9603,9603,,TXN_1568657,Coffee,2.0,2.0,4.0
9604,9604,,TXN_3412490,Juice,2.0,3.0,6.0
9605,9605,,TXN_1852586,Juice,5.0,3.0,15.0
9606,9606,,TXN_3942164,Coffee,4.0,2.0,8.0
9607,9607,,TXN_7626939,Coffee,,2.0,
9608,9608,,TXN_9102030,Smoothie,4.0,4.0,16.0
9609,9609,,TXN_7696120,Cookie,1.0,1.0,1.0
9610,9610,,TXN_1789644,Coffee,4.0,2.0,8.0
9611,9611,,TXN_5102956,Juice,5.0,3.0,15.0
9612,9612,,TXN_8645889,Salad,4.0,5.0,20.0
9613,9613,,TXN_6060764,Smoothie,3.0,4.0,12.0
9614,9614,,TXN_5237569,Tea,3.0,1.5,4.5
9615,9615,,TXN_9121852,Cookie,1.0,1.0,1.0
9616,9616,,TXN_2952715,Smoothie,3.0,4.0,12.0
9617,9617,,TXN_7590801,Tea,,1.5,
9618,9618,,TXN_9503369,Cookie,,1.0,
9619,9619,,TXN_7752454,Juice,3.0,3.0,9.0
9620,9620,,TXN_8148137,Tea,1.0,1.5,1.5
9621,9621,,TXN_1494502,Salad,5.0,5.0,25.0
9622,9622,,TXN_4549825,Salad,2.0,5.0,10.0
9623,9623,,TXN_3165950,Coffee,1.0,2.0,2.0
9624,9624,,TXN_9817681,Tea,4.0,1.5,6.0
9625,9625,,TXN_7056051,Juice,2.0,3.0,6.0
9626,9626,,TXN_2091128,Juice,1.0,3.0,3.0
9627,9627,,TXN_6298532,Smoothie,4.0,4.0,16.0
9628,9628,,TXN_9522899,Smoothie,5.0,4.0,20.0
9629,9629,,TXN_3257591,Smoothie,1.0,4.0,4.0
9630,9630,,TXN_9491912,Tea,4.0,1.5,6.0
9631,9631,,TXN_6992164,Smoothie,2.0,4.0,8.0
9632,9632,,TXN_8715122,Juice,2.0,3.0,6.0
9633,9633,,TXN_7169320,Coffee,3.0,2.0,6.0
9634,9634,,TXN_4030010,Smoothie,5.0,4.0,20.0
9635,9635,,TXN_8616163,Smoothie,,4.0,
9636,9636,,TXN_7468777,Salad,1.0,5.0,5.0
9637,9637,,TXN_7844687,Juice,1.0,3.0,3.0
9638,9638,,TXN_1185118,Juice,5.0,3.0,15.0
9639,9639,,TXN_3985301,Smoothie,2.0,4.0,8.0
9640,9640,,TXN_6594187,Tea,5.0,1.5,7.5
9641,9641,,TXN_6746140,Cookie,5.0,1.0,5.0
9642,9642,,TXN_2376525,Smoothie,5.0,4.0,20.0
9643,9643,,TXN_1529904,Coffee,1.0,2.0,2.0
9644,9644,,TXN_8191921,Salad,3.0,5.0,15.0
9645,9645,,TXN_6346774,Juice,3.0,3.0,9.0
9646,9646,,TXN_6018740,Smoothie,2.0,4.0,8.0
9647,9647,,TXN_9293417,Tea,3.0,1.5,4.5
9648,9648,,TXN_4225300,Smoothie,1.0,4.0,4.0
9649,9649,,TXN_7512574,Tea,1.0,1.5,1.5
9650,9650,,TXN_4914535,Cookie,2.0,1.0,2.0
9651,9651,,TXN_3596456,Coffee,3.0,2.0,6.0
9652,9652,,TXN_2631671,Cookie,1.0,1.0,1.0
9653,9653,,TXN_7943598,Smoothie,4.0,4.0,16.0
9654,9654,,TXN_9864212,Smoothie,5.0,4.0,20.0
9655,9655,,TXN_1480967,Tea,2.0,1.5,3.0
9656,9656,,TXN_7387701,Coffee,1.0,2.0,2.0
9657,9657,,TXN_4953063,Tea,5.0,1.5,7.5
9658,9658,,TXN_9747008,Tea,4.0,1.5,6.0
9659,9659,,TXN_4690415,Smoothie,2.0,4.0,8.0
9660,9660,,TXN_7570308,Tea,4.0,1.5,6.0
9661,9661,,TXN_7059722,Smoothie,5.0,4.0,20.0
9662,9662,,TXN_6130455,Tea,2.0,1.5,3.0
9663,9663,,TXN_9042043,Cookie,4.0,1.0,4.0
9664,9664,,TXN_2454046,Juice,2.0,3.0,6.0
9665,9665,,TXN_4130861,Salad,2.0,5.0,10.0
9666,9666,,TXN_5476846,Tea,4.0,1.5,6.0
9667,9667,,TXN_8329302,Juice,,3.0,
9668,9668,,TXN_5745955,Smoothie,4.0,4.0,16.0
9669,9669,,TXN_6228918,Juice,1.0,3.0,3.0
9670,9670,,TXN_5930921,Cookie,2.0,1.0,2.0
9671,9671,,TXN_6377597,Cookie,1.0,1.0,1.0
9672,9672,,TXN_9769782,Smoothie,5.0,4.0,20.0
9673,9673,,TXN_2505327,Juice,2.0,3.0,6.0
9674,9674,,TXN_3894820,Smoothie,5.0,4.0,20.0
9675,9675,,TXN_1897660,Tea,3.0,1.5,4.5
9676,9676,,TXN_9749434,Juice,5.0,3.0,15.0
9677,9677,,TXN_8832852,Smoothie,5.0,4.0,20.0
9678,9678,,TXN_8980774,Tea,4.0,1.5,6.0
9679,9679,,TXN_3716067,Tea,5.0,1.5,7.5
9680,9680,,TXN_3687300,Cookie,2.0,1.0,2.0
9681,9681,,TXN_8162049,Smoothie,1.0,4.0,4.0
9682,9682,,TXN_3923375,Juice,5.0,3.0,15.0
9683,9683,,TXN_7397017,Salad,3.0,5.0,15.0
9684,9684,,TXN_9868053,Juice,3.0,3.0,9.0
9685,9685,,TXN_3475075,Juice,3.0,3.0,9.0
9686,9686,,TXN_4759797,Salad,3.0,5.0,15.0
9687,9687,,TXN_3292043,Cookie,5.0,1.0,5.0
9688,9688,,TXN_2052771,Tea,4.0,1.5,6.0
9689,9689,,TXN_9433806,Coffee,1.0,2.0,2.0
9690,9690,,TXN_7494217,Cookie,1.0,1.0,1.0
9691,9691,,TXN_6324736,Smoothie,5.0,4.0,20.0
9692,9692,,TXN_4695415,Juice,5.0,3.0,15.0
9693,9693,,TXN_6252589,Smoothie,2.0,4.0,8.0
9694,9694,,TXN_9851026,Salad,2.0,5.0,10.0
9695,9695,,TXN_4933689,Juice,1.0,3.0,3.0
9696,9696,,TXN_4653861,Smoothie,,4.0,
9697,9697,,TXN_7990902,Coffee,5.0,2.0,10.0
9698,9698,,TXN_6485220,Juice,3.0,3.0,9.0
9699,9699,,TXN_2475259,Smoothie,2.0,4.0,8.0
9700,9700,,TXN_9006674,Tea,1.0,1.5,1.5
9701,9701,,TXN_2252218,Salad,4.0,5.0,20.0
9702,9702,,TXN_9123562,Juice,5.0,3.0,15.0
9703,9703,,TXN_6633097,Juice,4.0,3.0,12.0
9704,9704,,TXN_2265603,Smoothie,3.0,4.0,12.0
9705,9705,,TXN_3271393,Smoothie,4.0,4.0,16.0
9706,9706,,TXN_2591969,Salad,,5.0,
9707,9707,,TXN_8939048,Cookie,3.0,1.0,3.0
9708,9708,,TXN_3784001,Smoothie,1.0,4.0,4.0
9709,9709,,TXN_5738282,Juice,4.0,3.0,12.0
9710,9710,,TXN_6500126,Smoothie,2.0,4.0,8.0
9711,9711,,TXN_2629168,Juice,1.0,3.0,3.0
9712,9712,,TXN_1034956,Smoothie,4.0,4.0,16.0
9713,9713,,TXN_6935106,Tea,5.0,1.5,7.5
9714,9714,,TXN_8205635,Juice,5.0,3.0,15.0
9715,9715,,TXN_2342256,Tea,3.0,1.5,4.5
9716,9716,,TXN_9958548,Tea,4.0,1.5,6.0
9717,9717,,TXN_9405019,Juice,5.0,3.0,15.0
9718,9718,,TXN_8116619,Smoothie,3.0,4.0,12.0
9719,9719,,TXN_2450896,Smoothie,1.0,4.0,4.0
9720,9720,,TXN_8302551,Juice,4.0,3.0,12.0
9721,9721,,TXN_7469391,Coffee,5.0,2.0,10.0
9722,9722,,TXN_4695464,Cookie,4.0,1.0,4.0
9723,9723,,TXN_1475403,Cookie,1.0,1.0,1.0
9724,9724,,TXN_9705872,Cookie,3.0,1.0,3.0
9725,9725,,TXN_6286062,Coffee,1.0,2.0,2.0
9726,9726,,TXN_5380198,Juice,3.0,3.0,9.0
9727,9727,,TXN_4876195,Tea,2.0,1.5,3.0
9728,9728,,TXN_4009914,Smoothie,2.0,4.0,8.0
9729,9729,,TXN_8061460,Smoothie,3.0,4.0,12.0
9730,9730,,TXN_5514988,Cookie,5.0,1.0,5.0
9731,9731,,TXN_8619494,Coffee,2.0,2.0,4.0
9732,9732,,TXN_3754190,Juice,3.0,3.0,9.0
9733,9733,,TXN_9181224,Smoothie,5.0,4.0,20.0
9734,9734,,TXN_4476636,Coffee,3.0,2.0,6.0
9735,9735,,TXN_1197495,Juice,5.0,3.0,15.0
9736,9736,,TXN_2615514,Cookie,5.0,1.0,5.0
9737,9737,,TXN_7331525,Juice,2.0,3.0,6.0
9738,9738,,TXN_8722854,Juice,1.0,3.0,3.0
9739,9739,,TXN_8167275,Salad,5.0,5.0,25.0
9740,9740,,TXN_7618171,Juice,5.0,3.0,15.0
9741,9741,,TXN_7389626,Tea,2.0,1.5,3.0
9742,9742,,TXN_2112333,Cookie,2.0,1.0,2.0
9743,9743,,TXN_2785563,Juice,5.0,3.0,15.0
9744,9744,,TXN_7060144,Juice,5.0,3.0,15.0
9745,9745,,TXN_6126149,Tea,2.0,1.5,3.0
9746,9746,,TXN_5613875,Tea,5.0,1.5,7.5
9747,9747,,TXN_1985142,Smoothie,3.0,4.0,12.0
9748,9748,,TXN_7379007,Juice,2.0,3.0,6.0
9749,9749,,TXN_1339158,Salad,4.0,5.0,20.0
9750,9750,,TXN_7948933,Smoothie,3.0,4.0,12.0
9751,9751,,TXN_9182359,Salad,3.0,5.0,15.0
9752,9752,,TXN_5235471,Juice,5.0,3.0,15.0
9753,9753,,TXN_1848481,Cookie,4.0,1.0,4.0
9754,9754,,TXN_9455737,Salad,3.0,5.0,15.0
9755,9755,,TXN_1026799,Juice,5.0,3.0,15.0
9756,9756,,TXN_2582926,Smoothie,4.0,4.0,16.0
9757,9757,,TXN_6327139,Smoothie,4.0,4.0,16.0
9758,9758,,TXN_3716685,Smoothie,5.0,4.0,20.0
9759,9759,,TXN_1580822,Juice,5.0,3.0,15.0
9760,9760,,TXN_5060289,Tea,5.0,1.5,7.5
9761,9761,,TXN_8069514,Smoothie,4.0,4.0,16.0
9762,9762,,TXN_7603895,Smoothie,5.0,4.0,20.0
9763,9763,,TXN_9699116,Cookie,2.0,1.0,2.0
9764,9764,,TXN_9999124,Juice,2.0,3.0,6.0
9765,9765,,TXN_9924421,Juice,5.0,3.0,15.0
9766,9766,,TXN_4620459,Smoothie,5.0,4.0,20.0
9767,9767,,TXN_6368424,Cookie,3.0,1.0,3.0
9768,9768,,TXN_4791031,Coffee,,2.0,
9769,9769,,TXN_9432007,Cookie,4.0,1.0,4.0
9770,9770,,TXN_8872160,Salad,5.0,5.0,25.0
9771,9771,,TXN_8059782,Juice,5.0,3.0,15.0
9772,9772,,TXN_5639908,Tea,,1.5,
9773,9773,,TXN_4325098,Juice,5.0,3.0,15.0
9774,9774,,TXN_3737378,Smoothie,1.0,4.0,4.0
9775,9775,,TXN_2653400,Smoothie,1.0,4.0,4.0
9776,9776,,TXN_6927392,Salad,3.0,5.0,15.0
9777,9777,,TXN_3024493,Smoothie,1.0,4.0,4.0
9778,9778,,TXN_2740398,Cookie,4.0,1.0,4.0
9779,9779,,TXN_6995665,Tea,2.0,1.5,3.0
9780,9780,,TXN_7763764,Cookie,2.0,1.0,2.0
9781,9781,,TXN_8726097,Tea,1.0,1.5,1.5
9782,9782,,TXN_7445500,Salad,4.0,5.0,20.0
9783,9783,,TXN_6461461,Juice,1.0,3.0,3.0
9784,9784,,TXN_8878429,Juice,5.0,3.0,15.0
9785,9785,,TXN_8888599,Smoothie,5.0,4.0,20.0
9786,9786,,TXN_6361309,Juice,5.0,3.0,15.0
9787,9787,,TXN_6301984,Juice,5.0,3.0,15.0
9788,9788,,TXN_2268203,Salad,3.0,5.0,15.0
9789,9789,,TXN_4994052,Coffee,4.0,2.0,8.0
9790,9790,,TXN_9448209,Smoothie,3.0,4.0,12.0
9791,9791,,TXN_8960347,Smoothie,,4.0,
9792,9792,,TXN_6243134,Tea,2.0,1.5,3.0
9793,9793,,TXN_1804132,Smoothie,3.0,4.0,12.0
9794,9794,,TXN_5649995,Tea,2.0,1.5,3.0
9795,9795,,TXN_9894270,Cookie,,1.0,
9796,9796,,TXN_1481470,Juice,3.0,3.0,9.0
9797,9797,,TXN_5752187,Juice,4.0,3.0,12.0
9798,9798,,TXN_9550397,Coffee,4.0,2.0,8.0
9799,9799,,TXN_5896413,Coffee,3.0,2.0,6.0
9800,9800,,TXN_8156272,Salad,2.0,5.0,10.0
9801,9801,,TXN_4483944,Juice,4.0,3.0,12.0
9802,9802,,TXN_2607233,Coffee,3.0,2.0,6.0
9803,9803,,TXN_6753977,Tea,3.0,1.5,4.5
9804,9804,,TXN_1193930,Coffee,1.0,2.0,2.0
9805,9805,,TXN_5047792,Salad,1.0,5.0,5.0
9806,9806,,TXN_6184247,Juice,1.0,3.0,3.0
9807,9807,,TXN_1409029,Smoothie,1.0,4.0,4.0
9808,9808,,TXN_6344738,Salad,4.0,5.0,20.0
9809,9809,,TXN_9882485,Salad,5.0,5.0,25.0
9810,9810,,TXN_8899602,Salad,4.0,5.0,20.0
9811,9811,,TXN_6388090,Juice,4.0,3.0,12.0
9812,9812,,TXN_2414686,Juice,1.0,3.0,3.0
9813,9813,,TXN_2896162,Cookie,2.0,1.0,2.0
9814,9814,,TXN_9615339,Smoothie,1.0,4.0,4.0
9815,9815,,TXN_3018211,Salad,4.0,5.0,20.0
9816,9816,,TXN_7474617,Salad,3.0,5.0,15.0
9817,9817,,TXN_2477021,Cookie,4.0,1.0,4.0
9818,9818,,TXN_6296806,Smoothie,2.0,4.0,8.0
9819,9819,,TXN_3435561,Juice,2.0,3.0,6.0
9820,9820,,TXN_5900899,Cookie,4.0,1.0,4.0
9821,9821,,TXN_4832566,Smoothie,4.0,4.0,16.0
9822,9822,,TXN_6859249,Cookie,,1.0,
9823,9823,,TXN_4977954,Juice,4.0,3.0,12.0
9824,9824,,TXN_3701660,Smoothie,1.0,4.0,4.0
9825,9825,,TXN_4428307,Salad,3.0,5.0,15.0
9826,9826,,TXN_9868954,Smoothie,4.0,4.0,16.0
9827,9827,,TXN_8854471,Juice,5.0,3.0,15.0
9828,9828,,TXN_7243779,Cookie,1.0,1.0,1.0
9829,9829,,TXN_2529216,Tea,3.0,1.5,4.5
9830,9830,,TXN_3014967,Salad,,5.0,
9831,9831,,TXN_1776070,Smoothie,3.0,4.0,12.0
9832,9832,,TXN_6070523,Coffee,4.0,2.0,8.0
9833,9833,,TXN_3638761,Juice,5.0,3.0,15.0
9834,9834,,TXN_5569954,Cookie,4.0,1.0,4.0
9835,9835,,TXN_9556442,Smoothie,1.0,4.0,4.0
9836,9836,,TXN_1022126,Tea,,1.5,
9837,9837,,TXN_8152941,Coffee,3.0,2.0,6.0
9838,9838,,TXN_2548742,Salad,5.0,5.0,25.0
9839,9839,,TXN_7133645,Smoothie,5.0,4.0,20.0
9840,9840,,TXN_2097072,Tea,4.0,1.5,6.0
9841,9841,,TXN_7543525,Tea,4.0,1.5,6.0
9842,9842,,TXN_5376589,Coffee,5.0,2.0,10.0
9843,9843,,TXN_1381818,Juice,4.0,3.0,12.0
9844,9844,,TXN_7241859,Cookie,1.0,1.0,1.0
9845,9845,,TXN_6748232,Smoothie,2.0,4.0,8.0
9846,9846,,TXN_5315665,Tea,3.0,1.5,4.5
9847,9847,,TXN_3456057,Smoothie,1.0,4.0,4.0
9848,9848,,TXN_4704321,Juice,3.0,3.0,9.0
9849,9849,,TXN_5578380,Tea,,1.5,
9850,9850,,TXN_2194660,Salad,1.0,5.0,5.0
9851,9851,,TXN_9617269,Coffee,1.0,2.0,2.0
9852,9852,,TXN_3130302,Smoothie,3.0,4.0,12.0
9853,9853,,TXN_5145016,Smoothie,1.0,4.0,4.0
9854,9854,,TXN_1293509,Juice,3.0,3.0,9.0
9855,9855,,TXN_4558455,Salad,3.0,5.0,15.0
9856,9856,,TXN_5154112,Juice,3.0,3.0,9.0
9857,9857,,TXN_1704642,Juice,5.0,3.0,15.0
9858,9858,,TXN_4865947,Tea,2.0,1.5,3.0
9859,9859,,TXN_5468350,Salad,4.0,5.0,20.0
9860,9860,,TXN_3886176,Cookie,4.0,1.0,4.0
9861,9861,,TXN_4461853,Juice,5.0,3.0,15.0
9862,9862,,TXN_6553641,Salad,1.0,5.0,5.0
9863,9863,,TXN_8953489,Juice,5.0,3.0,15.0
9864,9864,,TXN_1624458,Tea,,1.5,
9865,9865,,TXN_1998357,Juice,2.0,3.0,6.0
9866,9866,,TXN_4163126,Smoothie,3.0,4.0,12.0
9867,9867,,TXN_2574545,Coffee,,2.0,
9868,9868,,TXN_8048357,Salad,4.0,5.0,20.0
9869,9869,,TXN_4709135,Smoothie,2.0,4.0,8.0
9870,9870,,TXN_3140950,Juice,5.0,3.0,15.0
9871,9871,,TXN_5757196,Juice,5.0,3.0,15.0
9872,9872,,TXN_8549341,Juice,5.0,3.0,15.0
9873,9873,,TXN_5923474,Juice,4.0,3.0,12.0
9874,9874,,TXN_8076449,Juice,3.0,3.0,9.0
9875,9875,,TXN_5992635,Coffee,4.0,2.0,8.0
9876,9876,,TXN_1309653,Salad,2.0,5.0,10.0
9877,9877,,TXN_9041473,Smoothie,2.0,4.0,8.0
9878,9878,,TXN_1102876,Cookie,1.0,1.0,1.0
9879,9879,,TXN_7854162,Juice,5.0,3.0,15.0
9880,9880,,TXN_8235042,Smoothie,1.0,4.0,4.0
9881,9881,,TXN_1547555,Smoothie,3.0,4.0,12.0
9882,9882,,TXN_3307518,Juice,5.0,3.0,15.0
9883,9883,,TXN_2107161,Cookie,4.0,1.0,4.0
9884,9884,,TXN_6901094,Salad,1.0,5.0,5.0
9885,9885,,TXN_2111973,Tea,4.0,1.5,6.0
9886,9886,,TXN_9349471,Coffee,3.0,2.0,6.0
9887,9887,,TXN_1687822,Salad,4.0,5.0,20.0
9888,9888,,TXN_7988991,Tea,4.0,1.5,6.0
9889,9889,,TXN_3930313,Cookie,3.0,1.0,3.0
9890,9890,,TXN_1983705,Juice,3.0,3.0,9.0
9891,9891,,TXN_1141405,Cookie,1.0,1.0,1.0
9892,9892,,TXN_5728193,Smoothie,1.0,4.0,4.0
9893,9893,,TXN_5289658,Smoothie,2.0,4.0,8.0
9894,9894,,TXN_9190025,Tea,4.0,1.5,6.0
9895,9895,,TXN_9239309,Salad,4.0,5.0,20.0
9896,9896,,TXN_4417326,Smoothie,3.0,4.0,12.0
9897,9897,,TXN_1103495,Juice,1.0,3.0,3.0
9898,9898,,TXN_5742202,Salad,2.0,5.0,10.0
9899,9899,,TXN_1827937,Coffee,1.0,2.0,2.0
9900,9900,,TXN_2496249,Juice,4.0,3.0,12.0
9901,9901,,TXN_8899417,Salad,3.0,5.0,15.0
9902,9902,,TXN_1307428,Tea,4.0,1.5,6.0
9903,9903,,TXN_3099819,Coffee,4.0,2.0,8.0
9904,9904,,TXN_4854751,Salad,3.0,5.0,15.0
9905,9905,,TXN_2921765,Tea,2.0,1.5,3.0
9906,9906,,TXN_7653452,Smoothie,1.0,4.0,4.0
9907,9907,,TXN_1732639,Cookie,4.0,1.0,4.0
9908,9908,,TXN_7971761,Salad,1.0,5.0,5.0
9909,9909,,TXN_7132021,Smoothie,2.0,4.0,8.0
9910,9910,,TXN_9329112,Smoothie,3.0,4.0,12.0
9911,9911,,TXN_1708928,Smoothie,1.0,4.0,4.0
9912,9912,,TXN_2352685,Cookie,1.0,1.0,1.0
9913,9913,,TXN_8743142,Cookie,1.0,1.0,1.0
9914,9914,,TXN_1929109,Smoothie,5.0,4.0,20.0
9915,9915,,TXN_8126049,Smoothie,3.0,4.0,12.0
9916,9916,,TXN_8434259,Tea,2.0,1.5,3.0
9917,9917,,TXN_9719954,Tea,1.0,1.5,1.5
9918,9918,,TXN_4070040,Juice,1.0,3.0,3.0
9919,9919,,TXN_1454024,Cookie,5.0,1.0,5.0
9920,9920,,TXN_3147874,Cookie,1.0,1.0,1.0
9921,9921,,TXN_9708632,Coffee,5.0,2.0,10.0
9922,9922,,TXN_6266187,Tea,5.0,1.5,7.5
9923,9923,,TXN_6563365,Juice,,3.0,
9924,9924,,TXN_5556985,Juice,3.0,3.0,9.0
9925,9925,,TXN_1621227,Coffee,2.0,2.0,4.0
9926,9926,,TXN_4623468,Coffee,5.0,2.0,10.0
9927,9927,,TXN_1037486,Salad,5.0,5.0,25.0
9928,9928,,TXN_5492760,Juice,2.0,3.0,6.0
9929,9929,,TXN_9796122,Salad,3.0,5.0,15.0
9930,9930,,TXN_4988100,Coffee,1.0,2.0,2.0
9931,9931,,TXN_7845656,Juice,3.0,3.0,9.0
9932,9932,,TXN_6567287,Cookie,4.0,1.0,4.0
9933,9933,,TXN_2376870,Smoothie,5.0,4.0,20.0
9934,9934,,TXN_2025634,Smoothie,1.0,4.0,4.0
9935,9935,,TXN_1108326,Juice,2.0,3.0,6.0
9936,9936,,TXN_5206046,Smoothie,3.0,4.0,12.0
9937,9937,,TXN_1465364,Tea,4.0,1.5,6.0
9938,9938,,TXN_3811655,Smoothie,2.0,4.0,8.0
9939,9939,,TXN_8813052,Tea,4.0,1.5,6.0
9940,9940,,TXN_5961027,Juice,2.0,3.0,6.0
9941,9941,,TXN_3660048,Juice,1.0,3.0,3.0
9942,9942,,TXN_5811766,Juice,5.0,3.0,15.0
9943,9943,,TXN_3083412,Coffee,5.0,2.0,10.0
9944,9944,,TXN_7353685,Smoothie,2.0,4.0,8.0
9945,9945,,TXN_4978922,Cookie,4.0,1.0,4.0
9946,9946,,TXN_7364110,Coffee,5.0,2.0,10.0
9947,9947,,TXN_6332132,Juice,3.0,3.0,9.0
9948,9948,,TXN_4754723,Coffee,2.0,2.0,4.0
9949,9949,,TXN_8872715,Cookie,2.0,1.0,2.0
9950,9950,,TXN_7470034,Smoothie,5.0,4.0,20.0
9951,9951,,TXN_9705027,Cookie,2.0,1.0,2.0
9952,9952,,TXN_5939783,Cookie,2.0,1.0,2.0
9953,9953,,TXN_2062604,Coffee,2.0,2.0,4.0
9954,9954,,TXN_9930357,Juice,1.0,3.0,3.0
9955,9955,,TXN_6901162,Smoothie,3.0,4.0,12.0
9956,9956,,TXN_9263959,Cookie,,1.0,
9957,9957,,TXN_2097987,Smoothie,2.0,4.0,8.0
9958,9958,,TXN_7292662,Smoothie,1.0,4.0,4.0
9959,9959,,TXN_3660347,Smoothie,5.0,4.0,20.0
9960,9960,,TXN_7753584,Coffee,4.0,2.0,8.0
9961,9961,,TXN_5459138,Smoothie,2.0,4.0,8.0
9962,9962,,TXN_1166001,Juice,,3.0,
9963,9963,,TXN_2354774,Coffee,5.0,2.0,10.0
9964,9964,,TXN_4921791,Salad,4.0,5.0,20.0
9965,9965,,TXN_3692789,Smoothie,,4.0,
9966,9966,,TXN_4962500,Juice,5.0,3.0,15.0
9967,9967,,TXN_4003831,Cookie,1.0,1.0,1.0
9968,9968,,TXN_9877722,Smoothie,5.0,4.0,20.0
9969,9969,,TXN_4255580,,,,
9970,9970,,TXN_1526920,Smoothie,5.0,4.0,20.0
9971,9971,,TXN_9663941,Juice,4.0,3.0,12.0
9972,9972,,TXN_4635386,Tea,1.0,1.5,1.5
9973,9973,,TXN_9055374,Smoothie,1.0,4.0,4.0
9974,9974,,TXN_1637131,,,,
9975,9975,,TXN_1852436,Juice,4.0,3.0,12.0
9976,9976,,TXN_2532563,Salad,4.0,5.0,20.0
9977,9977,,TXN_3674876,Smoothie,5.0,4.0,20.0
9978,9978,,TXN_2249212,Juice,2.0,3.0,6.0
9979,9979,,TXN_7915173,Cookie,3.0,1.0,3.0
9980,9980,,TXN_4569448,Juice,1.0,3.0,3.0
9981,9981,,TXN_2827259,Tea,3.0,1.5,4.5
9982,9982,,TXN_8801160,Salad,2.0,5.0,10.0
9983,9983,,TXN_6762311,Juice,1.0,3.0,3.0
9984,9984,,TXN_3787941,Tea,2.0,1.5,3.0
9985,9985,,TXN_8588758,Smoothie,4.0,4.0,16.0
9986,9986,,TXN_1688292,,,,
9987,9987,,TXN_7390866,Tea,5.0,1.5,7.5
9988,9988,,TXN_9686177,Juice,3.0,3.0,9.0
9989,9989,,TXN_5536245,Smoothie,4.0,4.0,16.0
9990,9990,,TXN_6744733,Smoothie,1.0,4.0,4.0
9991,9991,,TXN_1964893,Smoothie,1.0,4.0,4.0
9992,9992,,TXN_4659954,Smoothie,3.0,4.0,12.0
9993,9993,,TXN_8104914,Cookie,1.0,1.0,1.0
9994,9994,,TXN_8344810,Smoothie,2.0,4.0,8.0
9995,9995,,TXN_9460419,Juice,1.0,3.0,3.0
9996,9996,,TXN_8253472,Juice,1.0,3.0,3.0
9997,9997,,TXN_3130865,Juice,3.0,3.0,9.0
9998,9998,,TXN_9226047,Smoothie,3.0,4.0,12.0
9999,9999,,TXN_9594133,Juice,5.0,3.0,15.0
